<?xml version = '1.0' encoding = 'UTF-8'?>
<Entity class="oracle.dbtools.crest.model.design.logical.Entity" directorySegmentName="seg_0" id="8DF21A7D-6A66-5C4C-F543-18EC7D56A7E7" name="RESERVA">
<createdBy>Moonlabpc</createdBy>
<createdTime>2026-01-08 16:29:18 UTC</createdTime>
<ownerDesignName>trabajo bs1</ownerDesignName>
<engineerTo>
<item key="22AF92BB-FA9B-69DD-24E9-987CCDD37B65" value="true"/>
</engineerTo>
<adequatelyNormalized>NO</adequatelyNormalized>
<expectedVolumes>0</expectedVolumes>
<fwdEngineeringStrategyName>Single Table</fwdEngineeringStrategyName>
<growthPercent>0</growthPercent>
<growthType>Year</growthType>
<maxVolumes>9999999</maxVolumes>
<minVolumes>0</minVolumes>
<normalForm>Third</normalForm>
<attributes itemClass="oracle.dbtools.crest.model.design.logical.Attribute">
<Attribute name="numero_reserva" id="9CC776B4-6B63-B798-FDDB-70185CC70901">
<createdBy>Moonlabpc</createdBy>
<createdTime>2026-01-08 18:16:48 UTC</createdTime>
<ownerDesignName>trabajo bs1</ownerDesignName>
<engineerTo>
<item key="22AF92BB-FA9B-69DD-24E9-987CCDD37B65" value="true"/>
</engineerTo>
<useDomainConstraints>false</useDomainConstraints>
<use>1</use>
<logicalDatatype>LOGDT024</logicalDatatype>
<dataTypeSize>25 CHAR</dataTypeSize>
<ownDataTypeParameters>25 CHAR,,</ownDataTypeParameters>
</Attribute>
<Attribute name="fevha_reserva" id="A2F37D13-23F7-110F-B000-DC17F790A01A">
<createdBy>Moonlabpc</createdBy>
<createdTime>2026-01-08 18:16:48 UTC</createdTime>
<ownerDesignName>trabajo bs1</ownerDesignName>
<engineerTo>
<item key="22AF92BB-FA9B-69DD-24E9-987CCDD37B65" value="true"/>
</engineerTo>
<useDomainConstraints>false</useDomainConstraints>
<use>1</use>
<logicalDatatype>LOGDT007</logicalDatatype>
<ownDataTypeParameters>,,</ownDataTypeParameters>
</Attribute>
<Attribute name="fecha_viaje" id="88F233D3-98CF-F81F-B06A-F2676A8A9DAB">
<createdBy>Moonlabpc</createdBy>
<createdTime>2026-01-08 18:16:49 UTC</createdTime>
<ownerDesignName>trabajo bs1</ownerDesignName>
<engineerTo>
<item key="22AF92BB-FA9B-69DD-24E9-987CCDD37B65" value="true"/>
</engineerTo>
<useDomainConstraints>false</useDomainConstraints>
<use>1</use>
<logicalDatatype>LOGDT007</logicalDatatype>
<ownDataTypeParameters>,,</ownDataTypeParameters>
</Attribute>
<Attribute name="estado" id="D574C005-33D7-971E-F245-37900E7C1DEF">
<createdBy>Moonlabpc</createdBy>
<createdTime>2026-01-08 18:16:49 UTC</createdTime>
<ownerDesignName>trabajo bs1</ownerDesignName>
<engineerTo>
<item key="22AF92BB-FA9B-69DD-24E9-987CCDD37B65" value="true"/>
</engineerTo>
<useDomainConstraints>false</useDomainConstraints>
<use>1</use>
<logicalDatatype>LOGDT024</logicalDatatype>
<dataTypeSize>12 CHAR</dataTypeSize>
<ownDataTypeParameters>12 CHAR,,</ownDataTypeParameters>
</Attribute>
<Attribute name="id_documento1" id="3508332C-CB36-82A0-4EE2-F4A36B5EA47C">
<createdBy>Moonlabpc</createdBy>
<createdTime>2026-01-08 18:23:56 UTC</createdTime>
<generatorID>CF588D6C-FFC4-BEF3-2CB5-4CF07E1B9F76</generatorID>
<ownerDesignName>trabajo bs1</ownerDesignName>
<engineerTo>
<item key="22AF92BB-FA9B-69DD-24E9-987CCDD37B65" value="true"/>
</engineerTo>
<referedAttribute>9061B20F-86B8-233A-FCBF-208063090B01</referedAttribute>
<useDomainConstraints>false</useDomainConstraints>
<use>1</use>
<logicalDatatype>LOGDT024</logicalDatatype>
<dataTypeSize>20 CHAR</dataTypeSize>
<ownDataTypeParameters>,,</ownDataTypeParameters>
</Attribute>
<Attribute name="rut" id="4DD1C6BF-B0D5-4E66-DED6-408980EDCE4B">
<createdBy>Moonlabpc</createdBy>
<createdTime>2026-01-08 18:24:14 UTC</createdTime>
<generatorID>E41A58C5-AA85-F323-3569-3604EFE8F82E</generatorID>
<ownerDesignName>trabajo bs1</ownerDesignName>
<engineerTo>
<item key="22AF92BB-FA9B-69DD-24E9-987CCDD37B65" value="true"/>
</engineerTo>
<referedAttribute>1435E02F-C69F-BA08-34A1-065EB908B1C1</referedAttribute>
<useDomainConstraints>false</useDomainConstraints>
<use>1</use>
<logicalDatatype>LOGDT024</logicalDatatype>
<dataTypeSize>12 CHAR</dataTypeSize>
<ownDataTypeParameters>,,</ownDataTypeParameters>
</Attribute>
<Attribute name="id_vuelo1" id="200294F6-00BA-D472-34C3-762C96E26972">
<createdBy>Moonlabpc</createdBy>
<createdTime>2026-01-08 18:24:27 UTC</createdTime>
<generatorID>00149DE9-B404-BD8F-F642-7BDFED9790DA</generatorID>
<ownerDesignName>trabajo bs1</ownerDesignName>
<engineerTo>
<item key="22AF92BB-FA9B-69DD-24E9-987CCDD37B65" value="true"/>
</engineerTo>
<referedAttribute>72CD8066-4AED-95B5-76F7-EC0E1D8E55FF</referedAttribute>
<useDomainConstraints>false</useDomainConstraints>
<use>1</use>
<logicalDatatype>LOGDT019</logicalDatatype>
<dataTypePrecision>10</dataTypePrecision>
<ownDataTypeParameters>,,</ownDataTypeParameters>
</Attribute>
</attributes>
<identifiers itemClass="oracle.dbtools.crest.model.design.logical.CandidateKey">
<identifier id="18C6E82C-B8C5-FE17-7FF5-85C0309EDDE7" name="RESERVA PK">
<createdBy>Moonlabpc</createdBy>
<createdTime>2026-01-08 18:17:19 UTC</createdTime>
<ownerDesignName>trabajo bs1</ownerDesignName>
<engineerTo>
<item key="22AF92BB-FA9B-69DD-24E9-987CCDD37B65" value="true"/>
</engineerTo>
<pk>true</pk>
<usedAttributes>
<attributeRef>9CC776B4-6B63-B798-FDDB-70185CC70901</attributeRef>
</usedAttributes>
</identifier>
</identifiers>
</Entity>