<?xml version = '1.0' encoding = 'UTF-8'?>
<Entity class="oracle.dbtools.crest.model.design.logical.Entity" directorySegmentName="seg_0" id="D2CB62F9-EDD3-7E4F-F9F1-148C8D7D1FB7" name="VUELO">
<createdBy>Moonlabpc</createdBy>
<createdTime>2026-01-08 16:28:42 UTC</createdTime>
<ownerDesignName>trabajo bs1</ownerDesignName>
<engineerTo>
<item key="22AF92BB-FA9B-69DD-24E9-987CCDD37B65" value="true"/>
</engineerTo>
<adequatelyNormalized>NO</adequatelyNormalized>
<expectedVolumes>0</expectedVolumes>
<fwdEngineeringStrategyName>Single Table</fwdEngineeringStrategyName>
<growthPercent>0</growthPercent>
<growthType>Year</growthType>
<maxVolumes>9999999</maxVolumes>
<minVolumes>0</minVolumes>
<normalForm>Third</normalForm>
<attributes itemClass="oracle.dbtools.crest.model.design.logical.Attribute">
<Attribute name="id_vuelo" id="72CD8066-4AED-95B5-76F7-EC0E1D8E55FF">
<createdBy>Moonlabpc</createdBy>
<createdTime>2026-01-08 18:09:57 UTC</createdTime>
<ownerDesignName>trabajo bs1</ownerDesignName>
<engineerTo>
<item key="22AF92BB-FA9B-69DD-24E9-987CCDD37B65" value="true"/>
</engineerTo>
<useDomainConstraints>false</useDomainConstraints>
<use>1</use>
<logicalDatatype>LOGDT019</logicalDatatype>
<dataTypePrecision>10</dataTypePrecision>
<ownDataTypeParameters>,10,</ownDataTypeParameters>
</Attribute>
<Attribute name="numero_vuelo" id="8A8207F6-7237-2B2E-1FD8-EC8901AF4616">
<createdBy>Moonlabpc</createdBy>
<createdTime>2026-01-08 18:09:57 UTC</createdTime>
<ownerDesignName>trabajo bs1</ownerDesignName>
<engineerTo>
<item key="22AF92BB-FA9B-69DD-24E9-987CCDD37B65" value="true"/>
</engineerTo>
<useDomainConstraints>false</useDomainConstraints>
<use>1</use>
<logicalDatatype>LOGDT024</logicalDatatype>
<dataTypeSize>15 CHAR</dataTypeSize>
<ownDataTypeParameters>15 CHAR,,</ownDataTypeParameters>
</Attribute>
<Attribute name="fecha_despegue" id="856763A8-EF0F-8937-F793-4F5153FA16C0">
<createdBy>Moonlabpc</createdBy>
<createdTime>2026-01-08 18:09:57 UTC</createdTime>
<ownerDesignName>trabajo bs1</ownerDesignName>
<engineerTo>
<item key="22AF92BB-FA9B-69DD-24E9-987CCDD37B65" value="true"/>
</engineerTo>
<useDomainConstraints>false</useDomainConstraints>
<use>1</use>
<logicalDatatype>LOGDT007</logicalDatatype>
<ownDataTypeParameters>,,</ownDataTypeParameters>
</Attribute>
<Attribute name="hora_salida" id="F18DE3D3-70D4-AC71-4A27-1669AE256787">
<createdBy>Moonlabpc</createdBy>
<createdTime>2026-01-08 18:09:57 UTC</createdTime>
<ownerDesignName>trabajo bs1</ownerDesignName>
<engineerTo>
<item key="22AF92BB-FA9B-69DD-24E9-987CCDD37B65" value="true"/>
</engineerTo>
<useDomainConstraints>false</useDomainConstraints>
<use>1</use>
<logicalDatatype>LOGDT024</logicalDatatype>
<dataTypeSize>6 CHAR</dataTypeSize>
<ownDataTypeParameters>6 CHAR,,</ownDataTypeParameters>
</Attribute>
<Attribute name="fecha_llegada" id="FEF31D03-4764-9DE8-EF42-ECFB019CF9E5">
<createdBy>Moonlabpc</createdBy>
<createdTime>2026-01-08 18:09:58 UTC</createdTime>
<ownerDesignName>trabajo bs1</ownerDesignName>
<engineerTo>
<item key="22AF92BB-FA9B-69DD-24E9-987CCDD37B65" value="true"/>
</engineerTo>
<useDomainConstraints>false</useDomainConstraints>
<use>1</use>
<logicalDatatype>LOGDT007</logicalDatatype>
<ownDataTypeParameters>,,</ownDataTypeParameters>
</Attribute>
</attributes>
<identifiers itemClass="oracle.dbtools.crest.model.design.logical.CandidateKey">
<identifier id="C62EBB27-9D32-AEF7-F85C-6F27B94588E4" name="VUELO PK">
<createdBy>Moonlabpc</createdBy>
<createdTime>2026-01-08 18:15:55 UTC</createdTime>
<ownerDesignName>trabajo bs1</ownerDesignName>
<engineerTo>
<item key="22AF92BB-FA9B-69DD-24E9-987CCDD37B65" value="true"/>
</engineerTo>
<pk>true</pk>
<usedAttributes>
<attributeRef>72CD8066-4AED-95B5-76F7-EC0E1D8E55FF</attributeRef>
</usedAttributes>
</identifier>
</identifiers>
</Entity>