<?xml version = '1.0' encoding = 'UTF-8'?>
<Entity class="oracle.dbtools.crest.model.design.logical.Entity" directorySegmentName="seg_0" id="EBA1B174-1A14-5A93-5FBA-F9E39C4571AD" name="PASAJERO">
<createdBy>Moonlabpc</createdBy>
<createdTime>2026-01-08 16:24:42 UTC</createdTime>
<ownerDesignName>trabajo bs1</ownerDesignName>
<engineerTo>
<item key="22AF92BB-FA9B-69DD-24E9-987CCDD37B65" value="true"/>
</engineerTo>
<adequatelyNormalized>NO</adequatelyNormalized>
<expectedVolumes>0</expectedVolumes>
<fwdEngineeringStrategyName>Single Table</fwdEngineeringStrategyName>
<growthPercent>0</growthPercent>
<growthType>Year</growthType>
<maxVolumes>9999999</maxVolumes>
<minVolumes>0</minVolumes>
<normalForm>Third</normalForm>
<attributes itemClass="oracle.dbtools.crest.model.design.logical.Attribute">
<Attribute name="id_documento" id="9061B20F-86B8-233A-FCBF-208063090B01">
<createdBy>Moonlabpc</createdBy>
<createdTime>2026-01-08 17:07:52 UTC</createdTime>
<ownerDesignName>trabajo bs1</ownerDesignName>
<engineerTo>
<item key="22AF92BB-FA9B-69DD-24E9-987CCDD37B65" value="true"/>
</engineerTo>
<useDomainConstraints>false</useDomainConstraints>
<use>1</use>
<logicalDatatype>LOGDT024</logicalDatatype>
<dataTypeSize>20 CHAR</dataTypeSize>
<ownDataTypeParameters>20 CHAR,,</ownDataTypeParameters>
</Attribute>
<Attribute name="nombre_completo" id="6931C2BB-CFA9-9F38-914F-476695ED9048">
<createdBy>Moonlabpc</createdBy>
<createdTime>2026-01-08 17:24:35 UTC</createdTime>
<ownerDesignName>trabajo bs1</ownerDesignName>
<engineerTo>
<item key="22AF92BB-FA9B-69DD-24E9-987CCDD37B65" value="true"/>
</engineerTo>
<useDomainConstraints>false</useDomainConstraints>
<use>1</use>
<logicalDatatype>LOGDT024</logicalDatatype>
<dataTypeSize>100 CHAR</dataTypeSize>
<ownDataTypeParameters>100 CHAR,,</ownDataTypeParameters>
</Attribute>
<Attribute name="fecha_nacimiento" id="8947168B-622A-5D73-4822-F760C0382F76">
<createdBy>Moonlabpc</createdBy>
<createdTime>2026-01-08 17:26:02 UTC</createdTime>
<ownerDesignName>trabajo bs1</ownerDesignName>
<engineerTo>
<item key="22AF92BB-FA9B-69DD-24E9-987CCDD37B65" value="true"/>
</engineerTo>
<useDomainConstraints>false</useDomainConstraints>
<use>1</use>
<logicalDatatype>LOGDT007</logicalDatatype>
<ownDataTypeParameters>,,</ownDataTypeParameters>
</Attribute>
<Attribute name="nacionalidad" id="B241B584-5057-9ACF-BA84-0D3F8E3B2F60">
<createdBy>Moonlabpc</createdBy>
<createdTime>2026-01-08 17:26:51 UTC</createdTime>
<ownerDesignName>trabajo bs1</ownerDesignName>
<engineerTo>
<item key="22AF92BB-FA9B-69DD-24E9-987CCDD37B65" value="true"/>
</engineerTo>
<useDomainConstraints>false</useDomainConstraints>
<use>1</use>
<logicalDatatype>LOGDT024</logicalDatatype>
<dataTypeSize>50 CHAR</dataTypeSize>
<ownDataTypeParameters>50 CHAR,,</ownDataTypeParameters>
</Attribute>
<Attribute name="telefono_contacto" id="714C0D92-1DD5-4C43-12DF-179C032DC748">
<createdBy>Moonlabpc</createdBy>
<createdTime>2026-01-08 17:27:20 UTC</createdTime>
<ownerDesignName>trabajo bs1</ownerDesignName>
<engineerTo>
<item key="22AF92BB-FA9B-69DD-24E9-987CCDD37B65" value="true"/>
</engineerTo>
<nullsAllowed>true</nullsAllowed>
<useDomainConstraints>false</useDomainConstraints>
<use>1</use>
<logicalDatatype>LOGDT024</logicalDatatype>
<dataTypeSize>20 CHAR</dataTypeSize>
<ownDataTypeParameters>20 CHAR,,</ownDataTypeParameters>
</Attribute>
<Attribute name="correo_contacto" id="9DA27AAE-BA3D-E14D-A874-51CDF2BA997B">
<createdBy>Moonlabpc</createdBy>
<createdTime>2026-01-08 17:36:57 UTC</createdTime>
<ownerDesignName>trabajo bs1</ownerDesignName>
<engineerTo>
<item key="22AF92BB-FA9B-69DD-24E9-987CCDD37B65" value="true"/>
</engineerTo>
<nullsAllowed>true</nullsAllowed>
<useDomainConstraints>false</useDomainConstraints>
<use>1</use>
<logicalDatatype>LOGDT024</logicalDatatype>
<dataTypeSize>100 CHAR</dataTypeSize>
<ownDataTypeParameters>100 CHAR,,</ownDataTypeParameters>
</Attribute>
</attributes>
<identifiers itemClass="oracle.dbtools.crest.model.design.logical.CandidateKey">
<identifier id="6780561F-3A0E-07A3-EDB6-D13376C86C82" name="PASAJERO PK">
<createdBy>Moonlabpc</createdBy>
<createdTime>2026-01-08 17:24:08 UTC</createdTime>
<ownerDesignName>trabajo bs1</ownerDesignName>
<engineerTo>
<item key="22AF92BB-FA9B-69DD-24E9-987CCDD37B65" value="true"/>
</engineerTo>
<pk>true</pk>
<usedAttributes>
<attributeRef>9061B20F-86B8-233A-FCBF-208063090B01</attributeRef>
</usedAttributes>
</identifier>
</identifiers>
</Entity>