<?xml version = '1.0' encoding = 'UTF-8'?>
<relationalModel class="oracle.dbtools.crest.model.design.relational.RelationalDesign" name="Relational_1" id="22AF92BB-FA9B-69DD-24E9-987CCDD37B65" mainViewID="04DC4FC8-DA53-1DA4-50A9-08F007BE97F5">
<createdBy>Moonlabpc</createdBy>
<createdTime>2026-01-08 16:16:28 UTC</createdTime>
<ownerDesignName>trabajo base de datos</ownerDesignName>
<shouldBeOpen>true</shouldBeOpen>
<selectedRDBMSSite>32076570-2523-435C-2E92-BF29817DFF70</selectedRDBMSSite>
</relationalModel>