<?xml version = '1.0' encoding = 'UTF-8'?>
<Relation class="oracle.dbtools.crest.model.design.logical.Relation" name="Relation_3" directorySegmentName="seg_0" id="00149DE9-B404-BD8F-F642-7BDFED9790DA">
<createdBy>Moonlabpc</createdBy>
<createdTime>2026-01-08 18:24:27 UTC</createdTime>
<ownerDesignName>trabajo bs1</ownerDesignName>
<engineerTo>
<item key="22AF92BB-FA9B-69DD-24E9-987CCDD37B65" value="true"/>
</engineerTo>
<sourcePk>C62EBB27-9D32-AEF7-F85C-6F27B94588E4</sourcePk>
<identifying>false</identifying>
<optionalSource>true</optionalSource>
<optionalTarget>false</optionalTarget>
<sourceCardinality>1</sourceCardinality>
<sourceEntity>D2CB62F9-EDD3-7E4F-F9F1-148C8D7D1FB7</sourceEntity>
<targetCardinalityString>*</targetCardinalityString>
<targetEntity>8DF21A7D-6A66-5C4C-F543-18EC7D56A7E7</targetEntity>
<transferable>true</transferable>
<deleteRule>NO ACTION</deleteRule>
</Relation>