<?xml version = '1.0' encoding = 'UTF-8'?>
<Relation class="oracle.dbtools.crest.model.design.logical.Relation" name="Relation_1" directorySegmentName="seg_0" id="CF588D6C-FFC4-BEF3-2CB5-4CF07E1B9F76">
<createdBy>Moonlabpc</createdBy>
<createdTime>2026-01-08 18:23:56 UTC</createdTime>
<ownerDesignName>trabajo bs1</ownerDesignName>
<engineerTo>
<item key="22AF92BB-FA9B-69DD-24E9-987CCDD37B65" value="true"/>
</engineerTo>
<sourcePk>6780561F-3A0E-07A3-EDB6-D13376C86C82</sourcePk>
<identifying>false</identifying>
<optionalSource>true</optionalSource>
<optionalTarget>false</optionalTarget>
<sourceCardinality>1</sourceCardinality>
<sourceEntity>EBA1B174-1A14-5A93-5FBA-F9E39C4571AD</sourceEntity>
<targetCardinalityString>*</targetCardinalityString>
<targetEntity>8DF21A7D-6A66-5C4C-F543-18EC7D56A7E7</targetEntity>
<transferable>true</transferable>
<deleteRule>NO ACTION</deleteRule>
</Relation>